{"cameraMode":{"drawMode":0,"name":"Shaded","section":"Shading Mode"},"sceneLighting":false,"audioPlay":false,"sceneViewState":{"showFog":true,"showMaterialUpdate":false,"showSkybox":false,"showFlares":true,"showImageEffects":true,"showParticleSystems":true,"showVisualEffectGraphs":true,"m_FxEnabled":true},"in2DMode":false,"pivot":{"x":-0.05142033100128174,"y":-0.05076204240322113,"z":-0.17541897296905518},"rotation":{"x":0.26679033041000368,"y":-0.041914280503988269,"z":0.011648801155388356,"w":0.9628303050994873},"size":1.8326852321624756,"orthographic":false}